Returns,Volatility,Sharpe Ratio,SDR.L Weight,NMC.L Weight,CPG.L Weight
0.00176463,0.01179404,0.14962034,0.38646958,0.15983453,0.45369589